 ,Richard.cpp,Mary.cpp,James.cpp,Robert.cpp,Jessica.cpp,Susan.cpp,
Richard.cpp,0.0,0.30697674,0.28458497,0.23492064,0.24,0.049682874,
Mary.cpp,0.30697674,0.0,0.34387353,0.25813952,0.25813952,0.054651164,
James.cpp,0.28458497,0.34387353,0.0,0.28458497,0.28458497,0.061923582,
Robert.cpp,0.23492064,0.25813952,0.28458497,0.0,0.7416216,0.052910052,
Jessica.cpp,0.24,0.25813952,0.28458497,0.7416216,0.0,0.054054055,
Susan.cpp,0.049682874,0.054651164,0.061923582,0.052910052,0.054054055,0.0,
